[{
  "_id": {
    "$oid": "61b64a3cc022904e271ae5f5"
  },
  "first": "B.J.",
  "last": "Hogg",
  "actorId": "nm0389698",
  "primaryName": "B.J. Hogg",
  "birthYear": "1955",
  "deathYear": "2020"
},{
  "_id": {
    "$oid": "61b64a3cc022904e271ae5f6"
  },
  "first": "Michael",
  "last": "Feast",
  "actorId": "nm0269923",
  "primaryName": "Michael Feast",
  "birthYear": "1946"
},{
  "_id": {
    "$oid": "61b64a3cc022904e271ae5f7"
  },
  "first": "David",
  "last": "Rintoul",
  "actorId": "nm0727778",
  "primaryName": "David Rintoul",
  "birthYear": "1948"
},{
  "_id": {
    "$oid": "61b64a3cc022904e271ae5f8"
  },
  "first": "Chuku",
  "last": "Modu",
  "actorId": "nm6729880",
  "primaryName": "Chuku Modu",
  "birthYear": "1990"
},{
  "_id": {
    "$oid": "61b64a3cc022904e271ae5f9"
  },
  "first": "Owen",
  "last": "Teale",
  "actorId": "nm0853583",
  "primaryName": "Owen Teale",
  "birthYear": "1961"
},{
  "_id": {
    "$oid": "61b64a3cc022904e271ae5fa"
  },
  "first": "Karl",
  "last": "Davies",
  "actorId": "nm0203801",
  "primaryName": "Karl Davies",
  "birthYear": "1982"
},{
  "_id": {
    "$oid": "61b64a3cc022904e271ae5fb"
  },
  "first": "Megan",
  "last": "Parkinson",
  "actorId": "nm8257864",
  "primaryName": "Megan Parkinson"
},{
  "_id": {
    "$oid": "61b64a3cc022904e271ae5fc"
  },
  "first": "Fintan",
  "last": "McKeown",
  "actorId": "nm0571654",
  "primaryName": "Fintan McKeown"
},{
  "_id": {
    "$oid": "61b64a3cc022904e271ae5fd"
  },
  "first": "Philip",
  "last": "McGinley",
  "actorId": "nm1528121",
  "primaryName": "Philip McGinley",
  "birthYear": "1981"
},{
  "_id": {
    "$oid": "61b64a3cc022904e271ae5fe"
  },
  "first": "Jim",
  "last": "Broadbent",
  "actorId": "nm0000980",
  "primaryName": "Jim Broadbent",
  "birthYear": "1949"
},{
  "_id": {
    "$oid": "61b64a3cc022904e271ae5ff"
  },
  "first": "Deobia",
  "last": "Oparei",
  "actorId": "nm0649046",
  "primaryName": "Deobia Oparei",
  "birthYear": "1971"
},{
  "_id": {
    "$oid": "61b64a3cc022904e271ae600"
  },
  "first": "Sahara",
  "last": "Knite",
  "actorId": "nm1783582",
  "primaryName": "Sahara Knite",
  "birthYear": "1975"
},{
  "_id": {
    "$oid": "61b64a3cc022904e271ae601"
  },
  "first": "Nathanael",
  "last": "Saleh",
  "actorId": "nm8127149",
  "primaryName": "Nathanael Saleh"
},{
  "_id": {
    "$oid": "61b64a3cc022904e271ae602"
  },
  "first": "Luke",
  "last": "Roberts",
  "actorId": "nm1074361",
  "primaryName": "Luke Roberts",
  "birthYear": "1977"
},{
  "_id": {
    "$oid": "61b64a3cc022904e271ae603"
  },
  "first": "Maisie",
  "last": "Williams",
  "actorId": "nm3586035",
  "primaryName": "Maisie Williams",
  "birthYear": "1997"
},{
  "_id": {
    "$oid": "61b64a3cc022904e271ae604"
  },
  "first": "Patrick",
  "last": "Malahide",
  "actorId": "nm0538869",
  "primaryName": "Patrick Malahide",
  "birthYear": "1945"
},{
  "_id": {
    "$oid": "61b64a3cc022904e271ae605"
  },
  "first": "Phil",
  "last": "Barnhill",
  "actorId": "nm4207240",
  "primaryName": "Phil Barnhill"
},{
  "_id": {
    "$oid": "61b64a3cc022904e271ae606"
  },
  "first": "Ian",
  "last": "McElhinney",
  "actorId": "nm0568400",
  "primaryName": "Ian McElhinney",
  "birthYear": "1948"
},{
  "_id": {
    "$oid": "61b64a3cc022904e271ae607"
  },
  "first": "Joseph",
  "last": "Mawle",
  "actorId": "nm1152798",
  "primaryName": "Joseph Mawle",
  "birthYear": "1974"
},{
  "_id": {
    "$oid": "61b64a3cc022904e271ae608"
  },
  "first": "Eline",
  "last": "Powell",
  "actorId": "nm4730958",
  "primaryName": "Eline Powell",
  "birthYear": "1990"
},{
  "_id": {
    "$oid": "61b64a3cc022904e271ae609"
  },
  "first": "Gerard",
  "last": "Jordan",
  "actorId": "nm0429956",
  "primaryName": "Gerard Jordan"
},{
  "_id": {
    "$oid": "61b64a3cc022904e271ae60a"
  },
  "first": "Forbes",
  "last": "KB",
  "actorId": "nm1978998",
  "primaryName": "Forbes KB",
  "birthYear": "1965"
},{
  "_id": {
    "$oid": "61b64a3cc022904e271ae60b"
  },
  "first": "Tim",
  "last": "Plester",
  "actorId": "nm1043031",
  "primaryName": "Tim Plester",
  "birthYear": "1970"
},{
  "_id": {
    "$oid": "61b64a3cc022904e271ae60c"
  },
  "first": "Leigh",
  "last": "Gill",
  "actorId": "nm5279916",
  "primaryName": "Leigh Gill"
},{
  "_id": {
    "$oid": "61b64a3cc022904e271ae60d"
  },
  "first": "Michael",
  "last": "Condron",
  "actorId": "nm1638006",
  "primaryName": "Michael Condron"
},{
  "_id": {
    "$oid": "61b64a3cc022904e271ae60e"
  },
  "first": "Isaac",
  "middle": "Hempstead",
  "last": "Wright",
  "actorId": "nm3652842",
  "primaryName": "Isaac Hempstead Wright",
  "birthYear": "1999"
},{
  "_id": {
    "$oid": "61b64a3cc022904e271ae60f"
  },
  "first": "Gemita",
  "last": "Samarra",
  "actorId": "nm5106314",
  "primaryName": "Gemita Samarra"
},{
  "_id": {
    "$oid": "61b64a3cc022904e271ae610"
  },
  "first": "Gwendoline",
  "last": "Christie",
  "actorId": "nm3729225",
  "primaryName": "Gwendoline Christie",
  "birthYear": "1978"
},{
  "_id": {
    "$oid": "61b64a3cc022904e271ae611"
  },
  "first": "Jerome",
  "last": "Flynn",
  "actorId": "nm0283492",
  "primaryName": "Jerome Flynn",
  "birthYear": "1963"
},{
  "_id": {
    "$oid": "61b64a3cc022904e271ae612"
  },
  "first": "Ian",
  "last": "McShane",
  "actorId": "nm0574534",
  "primaryName": "Ian McShane",
  "birthYear": "1942"
},{
  "_id": {
    "$oid": "61b64a3cc022904e271ae613"
  },
  "first": "Clive",
  "last": "Russell",
  "actorId": "nm0751085",
  "primaryName": "Clive Russell",
  "birthYear": "1945"
},{
  "_id": {
    "$oid": "61b64a3cc022904e271ae614"
  },
  "first": "Michael",
  "last": "Grennell",
  "actorId": "nm1214477",
  "primaryName": "Michael Grennell",
  "birthYear": "1958"
},{
  "_id": {
    "$oid": "61b64a3cc022904e271ae615"
  },
  "first": "Michelle",
  "last": "Fairley",
  "actorId": "nm0265610",
  "primaryName": "Michelle Fairley",
  "birthYear": "1964"
},{
  "_id": {
    "$oid": "61b64a3cc022904e271ae616"
  },
  "first": "Lalor",
  "last": "Roddy",
  "actorId": "nm0734498",
  "primaryName": "Lalor Roddy",
  "birthYear": "1954"
},{
  "_id": {
    "$oid": "61b64a3cc022904e271ae617"
  },
  "first": "Lena",
  "last": "Headey",
  "actorId": "nm0372176",
  "primaryName": "Lena Headey",
  "birthYear": "1973"
},{
  "_id": {
    "$oid": "61b64a3cc022904e271ae618"
  },
  "first": "Alice",
  "last": "Hewkin",
  "actorId": "nm2456829",
  "primaryName": "Alice Hewkin"
},{
  "_id": {
    "$oid": "61b64a3cc022904e271ae619"
  },
  "first": "Frank",
  "last": "Hvam",
  "actorId": "nm0404809",
  "primaryName": "Frank Hvam",
  "birthYear": "1970"
},{
  "_id": {
    "$oid": "61b64a3cc022904e271ae61a"
  },
  "first": "Darren",
  "last": "Killeen",
  "actorId": "nm4007028",
  "primaryName": "Darren Killeen"
},{
  "_id": {
    "$oid": "61b64a3cc022904e271ae61b"
  },
  "first": "Robert",
  "last": "Pugh",
  "actorId": "nm0700059",
  "primaryName": "Robert Pugh",
  "birthYear": "1950"
},{
  "_id": {
    "$oid": "61b64a3cc022904e271ae61c"
  },
  "first": "Emilia",
  "last": "Clarke",
  "actorId": "nm3592338",
  "primaryName": "Emilia Clarke",
  "birthYear": "1986"
},{
  "_id": {
    "$oid": "61b64a3cc022904e271ae61d"
  },
  "first": "Ralph",
  "last": "Ineson",
  "actorId": "nm0408591",
  "primaryName": "Ralph Ineson",
  "birthYear": "1969"
},{
  "_id": {
    "$oid": "61b64a3cc022904e271ae61e"
  },
  "first": "Maisie",
  "last": "Dee",
  "actorId": "nm3996678",
  "primaryName": "Maisie Dee",
  "birthYear": "1985"
},{
  "_id": {
    "$oid": "61b64a3cc022904e271ae61f"
  },
  "first": "Liam",
  "last": "Cunningham",
  "actorId": "nm0192377",
  "primaryName": "Liam Cunningham",
  "birthYear": "1961"
},{
  "_id": {
    "$oid": "61b64a3cc022904e271ae620"
  },
  "first": "Ian",
  "last": "Whyte",
  "actorId": "nm1613839",
  "primaryName": "Ian Whyte",
  "birthYear": "1971"
},{
  "_id": {
    "$oid": "61b64a3cc022904e271ae621"
  },
  "first": "Alisdair",
  "last": "Simpson",
  "actorId": "nm1368037",
  "primaryName": "Alisdair Simpson"
},{
  "_id": {
    "$oid": "61b64a3cc022904e271ae622"
  },
  "first": "Tony",
  "last": "Way",
  "actorId": "nm0915453",
  "primaryName": "Tony Way",
  "birthYear": "1978"
},{
  "_id": {
    "$oid": "61b64a3cc022904e271ae623"
  },
  "first": "Alexander",
  "last": "Siddig",
  "actorId": "nm0796502",
  "primaryName": "Alexander Siddig",
  "birthYear": "1965"
},{
  "_id": {
    "$oid": "61b64a3cc022904e271ae624"
  },
  "first": "Roxanne",
  "last": "McKee",
  "actorId": "nm1861467",
  "primaryName": "Roxanne McKee",
  "birthYear": "1980"
},{
  "_id": {
    "$oid": "61b64a3cc022904e271ae625"
  },
  "first": "Diogo",
  "last": "Sales",
  "actorId": "nm6088160",
  "primaryName": "Diogo Sales",
  "birthYear": "1985"
},{
  "_id": {
    "$oid": "61b64a3cc022904e271ae626"
  },
  "first": "Junade",
  "last": "Khan",
  "actorId": "nm2999602",
  "primaryName": "Junade Khan",
  "birthYear": "1982"
},{
  "_id": {
    "$oid": "61b64a3cc022904e271ae627"
  },
  "first": "David",
  "last": "Coakley",
  "actorId": "nm2231505",
  "primaryName": "David Coakley"
},{
  "_id": {
    "$oid": "61b64a3cc022904e271ae628"
  },
  "first": "Jonathan",
  "last": "Ryan",
  "actorId": "nm0752638",
  "primaryName": "Jonathan Ryan"
},{
  "_id": {
    "$oid": "61b64a3cc022904e271ae629"
  },
  "first": "Sean",
  "last": "Bean",
  "actorId": "nm0000293",
  "primaryName": "Sean Bean",
  "birthYear": "1959"
},{
  "_id": {
    "$oid": "61b64a3cc022904e271ae62a"
  },
  "first": "Ben",
  "last": "Crompton",
  "actorId": "nm0174005",
  "primaryName": "Ben Crompton",
  "birthYear": "1974"
},{
  "_id": {
    "$oid": "61b64a3cc022904e271ae62b"
  },
  "first": "Tobias",
  "last": "Menzies",
  "actorId": "nm0580014",
  "primaryName": "Tobias Menzies",
  "birthYear": "1974"
},{
  "_id": {
    "$oid": "61b64a3cc022904e271ae62c"
  },
  "first": "Indira",
  "last": "Varma",
  "actorId": "nm0890055",
  "primaryName": "Indira Varma",
  "birthYear": "1973"
},{
  "_id": {
    "$oid": "61b64a3cc022904e271ae62d"
  },
  "first": "Barrington",
  "last": "Cullen",
  "actorId": "nm4473207",
  "primaryName": "Barrington Cullen"
},{
  "_id": {
    "$oid": "61b64a3cc022904e271ae62e"
  },
  "first": "Pilou",
  "last": "AsbÃ¦k",
  "actorId": "nm1561982",
  "primaryName": "Pilou AsbÃ¦k",
  "birthYear": "1982"
},{
  "_id": {
    "$oid": "61b64a3cc022904e271ae62f"
  },
  "first": "Cedric",
  "last": "Henderson",
  "actorId": "nm2406775",
  "primaryName": "Cedric Henderson"
},{
  "_id": {
    "$oid": "61b64a3cc022904e271ae630"
  },
  "first": "Peter",
  "last": "Ballance",
  "actorId": "nm0050520",
  "primaryName": "Peter Ballance"
},{
  "_id": {
    "$oid": "61b64a3cc022904e271ae631"
  },
  "first": "Dermot",
  "last": "Keaney",
  "actorId": "nm0443825",
  "primaryName": "Dermot Keaney",
  "birthYear": "1964"
},{
  "_id": {
    "$oid": "61b64a3cc022904e271ae632"
  },
  "first": "Ricky",
  "last": "Champ",
  "actorId": "nm2307468",
  "primaryName": "Ricky Champ",
  "birthYear": "1980"
},{
  "_id": {
    "$oid": "61b64a3cc022904e271ae633"
  },
  "first": "Joe",
  "last": "Dempsie",
  "actorId": "nm1478079",
  "primaryName": "Joe Dempsie",
  "birthYear": "1987"
},{
  "_id": {
    "$oid": "61b64a3cc022904e271ae634"
  },
  "first": "Eddie",
  "last": "Eyre",
  "actorId": "nm6793798",
  "primaryName": "Eddie Eyre",
  "birthYear": "1988"
},{
  "_id": {
    "$oid": "61b64a3cc022904e271ae635"
  },
  "first": "Hannah",
  "last": "Murray",
  "actorId": "nm2356940",
  "primaryName": "Hannah Murray",
  "birthYear": "1989"
},{
  "_id": {
    "$oid": "61b64a3cc022904e271ae636"
  },
  "first": "Alan",
  "last": "Paris",
  "actorId": "nm3354768",
  "primaryName": "Alan Paris"
},{
  "_id": {
    "$oid": "61b64a3cc022904e271ae637"
  },
  "first": "Sam",
  "last": "Callis",
  "actorId": "nm0130538",
  "primaryName": "Sam Callis",
  "birthYear": "1973"
},{
  "_id": {
    "$oid": "61b64a3cc022904e271ae638"
  },
  "first": "Nikovich",
  "last": "Sammut",
  "actorId": "nm2089809",
  "primaryName": "Nikovich Sammut"
},{
  "_id": {
    "$oid": "61b64a3cc022904e271ae639"
  },
  "first": "Seamus",
  "last": "Kelly",
  "actorId": "nm4440118",
  "primaryName": "Seamus Kelly"
},{
  "_id": {
    "$oid": "61b64a3cc022904e271ae63a"
  },
  "first": "Julian",
  "last": "Glover",
  "actorId": "nm0002103",
  "primaryName": "Julian Glover",
  "birthYear": "1935"
},{
  "_id": {
    "$oid": "61b64a3cc022904e271ae63b"
  },
  "first": "Peter",
  "last": "Silverleaf",
  "actorId": "nm0798872",
  "primaryName": "Peter Silverleaf"
},{
  "_id": {
    "$oid": "61b64a3cc022904e271ae63c"
  },
  "first": "Davor",
  "last": "Jozinovic",
  "actorId": "nm7318132",
  "primaryName": "Davor Jozinovic"
},{
  "_id": {
    "$oid": "61b64a3cc022904e271ae63d"
  },
  "first": "Ivan",
  "last": "Peric",
  "actorId": "nm3005802",
  "primaryName": "Ivan Peric"
},{
  "_id": {
    "$oid": "61b64a3cc022904e271ae63e"
  },
  "first": "Hadi",
  "last": "Kermani",
  "actorId": "nm7318134",
  "primaryName": "Hadi Kermani"
},{
  "_id": {
    "$oid": "61b64a3cc022904e271ae63f"
  },
  "first": "Tonci",
  "last": "Banov",
  "actorId": "nm7318135",
  "primaryName": "Tonci Banov"
},{
  "_id": {
    "$oid": "61b64a3cc022904e271ae640"
  },
  "first": "Clive",
  "last": "Mantle",
  "actorId": "nm0544139",
  "primaryName": "Clive Mantle",
  "birthYear": "1957"
},{
  "_id": {
    "$oid": "61b64a3cc022904e271ae641"
  },
  "first": "Clifford",
  "last": "Barry",
  "actorId": "nm0057965",
  "primaryName": "Clifford Barry"
},{
  "_id": {
    "$oid": "61b64a3cc022904e271ae642"
  },
  "first": "Mark",
  "last": "Stanley",
  "actorId": "nm4440305",
  "primaryName": "Mark Stanley"
},{
  "_id": {
    "$oid": "61b64a3cc022904e271ae643"
  },
  "first": "Jacob",
  "last": "Anderson",
  "actorId": "nm2760664",
  "primaryName": "Jacob Anderson",
  "birthYear": "1990"
},{
  "_id": {
    "$oid": "61b64a3cc022904e271ae644"
  },
  "first": "Roy",
  "last": "Dotrice",
  "actorId": "nm0234541",
  "primaryName": "Roy Dotrice",
  "birthYear": "1923",
  "deathYear": "2017"
},{
  "_id": {
    "$oid": "61b64a3cc022904e271ae645"
  },
  "first": "Sabrina",
  "last": "Bartlett",
  "actorId": "nm6301068",
  "primaryName": "Sabrina Bartlett"
},{
  "_id": {
    "$oid": "61b64a3cc022904e271ae646"
  },
  "first": "Sara",
  "last": "Dylan",
  "actorId": "nm2407387",
  "primaryName": "Sara Dylan"
},{
  "_id": {
    "$oid": "61b64a3cc022904e271ae647"
  },
  "first": "Paul",
  "last": "Rattray",
  "actorId": "nm1051151",
  "primaryName": "Paul Rattray"
},{
  "_id": {
    "$oid": "61b64a3cc022904e271ae648"
  },
  "first": "Marc",
  "last": "Rissmann",
  "actorId": "nm4704928",
  "primaryName": "Marc Rissmann"
},{
  "_id": {
    "$oid": "61b64a3cc022904e271ae649"
  },
  "first": "Souad",
  "last": "Faress",
  "actorId": "nm0267256",
  "primaryName": "Souad Faress"
},{
  "_id": {
    "$oid": "61b64a3cc022904e271ae64a"
  },
  "first": "David",
  "last": "Verrey",
  "actorId": "nm0894857",
  "primaryName": "David Verrey"
},{
  "_id": {
    "$oid": "61b64a3cc022904e271ae64b"
  },
  "first": "Paul",
  "last": "Bentley",
  "actorId": "nm0072855",
  "primaryName": "Paul Bentley"
},{
  "_id": {
    "$oid": "61b64a3cc022904e271ae64c"
  },
  "first": "Jonathan",
  "last": "Pryce",
  "actorId": "nm0000596",
  "primaryName": "Jonathan Pryce",
  "birthYear": "1947"
},{
  "_id": {
    "$oid": "61b64a3cc022904e271ae64d"
  },
  "first": "Joel",
  "last": "Fry",
  "actorId": "nm2181128",
  "primaryName": "Joel Fry"
},{
  "_id": {
    "$oid": "61b64a3cc022904e271ae64e"
  },
  "first": "Kristian",
  "last": "Nairn",
  "actorId": "nm3964231",
  "primaryName": "Kristian Nairn"
},{
  "_id": {
    "$oid": "61b64a3cc022904e271ae64f"
  },
  "first": "Christopher",
  "last": "Newman",
  "actorId": "nm0628040",
  "primaryName": "Christopher Newman",
  "birthYear": "1955"
},{
  "_id": {
    "$oid": "61b64a3cc022904e271ae650"
  },
  "first": "Ben",
  "last": "Hawkey",
  "actorId": "nm3444954",
  "primaryName": "Ben Hawkey"
},{
  "_id": {
    "$oid": "61b64a3cc022904e271ae651"
  },
  "first": "Leo",
  "last": "Woodruff",
  "actorId": "nm4547262",
  "primaryName": "Leo Woodruff"
},{
  "_id": {
    "$oid": "61b64a3cc022904e271ae652"
  },
  "first": "Jefferson",
  "last": "Hall",
  "actorId": "nm2131630",
  "primaryName": "Jefferson Hall"
},{
  "_id": {
    "$oid": "61b64a3cc022904e271ae653"
  },
  "first": "Roger",
  "last": "Allam",
  "actorId": "nm0019885",
  "primaryName": "Roger Allam",
  "birthYear": "1953"
},{
  "_id": {
    "$oid": "61b64a3cc022904e271ae654"
  },
  "first": "Wilko",
  "last": "Johnson",
  "actorId": "nm3330122",
  "primaryName": "Wilko Johnson"
},{
  "_id": {
    "$oid": "61b64a3cc022904e271ae655"
  },
  "first": "Amrita",
  "last": "Acharia",
  "actorId": "nm3822505",
  "primaryName": "Amrita Acharia",
  "birthYear": "1987"
},{
  "_id": {
    "$oid": "61b64a3cc022904e271ae656"
  },
  "first": "Richard",
  "middle": "E.",
  "last": "Grant",
  "actorId": "nm0001290",
  "primaryName": "Richard E. Grant",
  "birthYear": "1957"
},{
  "_id": {
    "$oid": "61b64a3cc022904e271ae657"
  },
  "first": "Paul",
  "last": "Caddell",
  "actorId": "nm4781280",
  "primaryName": "Paul Caddell"
},{
  "_id": {
    "$oid": "61b64a3cc022904e271ae658"
  },
  "first": "Nikolaj",
  "last": "Coster-Waldau",
  "actorId": "nm0182666",
  "primaryName": "Nikolaj Coster-Waldau",
  "birthYear": "1970"
},{
  "_id": {
    "$oid": "61b64a3cc022904e271ae659"
  },
  "first": "Dominic",
  "last": "Carter",
  "actorId": "nm0141582",
  "primaryName": "Dominic Carter"
},{
  "_id": {
    "$oid": "61b64a3cc022904e271ae65a"
  },
  "first": "Tom",
  "last": "Wlaschiha",
  "actorId": "nm0937239",
  "primaryName": "Tom Wlaschiha",
  "birthYear": "1973"
},{
  "_id": {
    "$oid": "61b64a3cc022904e271ae65b"
  },
  "first": "Patrick",
  "last": "O'Kane",
  "actorId": "nm0641433",
  "primaryName": "Patrick O'Kane",
  "birthYear": "1965"
},{
  "_id": {
    "$oid": "61b64a3cc022904e271ae65c"
  },
  "first": "Jeffrey",
  "last": "O'Brien",
  "actorId": "nm4475335",
  "primaryName": "Jeffrey O'Brien"
},{
  "_id": {
    "$oid": "61b64a3cc022904e271ae65d"
  },
  "first": "James",
  "last": "Cosmo",
  "actorId": "nm0181920",
  "primaryName": "James Cosmo",
  "birthYear": "1948"
},{
  "_id": {
    "$oid": "61b64a3cc022904e271ae65e"
  },
  "first": "Sarita",
  "last": "Piotrowski",
  "actorId": "nm4424689",
  "primaryName": "Sarita Piotrowski"
},{
  "_id": {
    "$oid": "61b64a3cc022904e271ae65f"
  },
  "first": "Jack",
  "last": "Gleeson",
  "actorId": "nm0322416",
  "primaryName": "Jack Gleeson",
  "birthYear": "1992"
},{
  "_id": {
    "$oid": "61b64a3cc022904e271ae660"
  },
  "first": "Thomas",
  "last": "Brodie-Sangster",
  "actorId": "nm1032473",
  "primaryName": "Thomas Brodie-Sangster",
  "birthYear": "1990"
},{
  "_id": {
    "$oid": "61b64a3cc022904e271ae661"
  },
  "first": "John",
  "last": "Standing",
  "actorId": "nm0822062",
  "primaryName": "John Standing",
  "birthYear": "1934"
},{
  "_id": {
    "$oid": "61b64a3cc022904e271ae662"
  },
  "first": "Kit",
  "last": "Harington",
  "actorId": "nm3229685",
  "primaryName": "Kit Harington",
  "birthYear": "1986"
},{
  "_id": {
    "$oid": "61b64a3cc022904e271ae663"
  },
  "first": "Gerry",
  "last": "O'Brien",
  "actorId": "nm0639569",
  "primaryName": "Gerry O'Brien"
},{
  "_id": {
    "$oid": "61b64a3cc022904e271ae664"
  },
  "first": "Iain",
  "last": "Glen",
  "actorId": "nm0322513",
  "primaryName": "Iain Glen",
  "birthYear": "1961"
},{
  "_id": {
    "$oid": "61b64a3cc022904e271ae665"
  },
  "first": "Jamie",
  "last": "Sives",
  "actorId": "nm0803397",
  "primaryName": "Jamie Sives",
  "birthYear": "1973"
},{
  "_id": {
    "$oid": "61b64a3cc022904e271ae666"
  },
  "first": "Kelly",
  "last": "Long",
  "actorId": "nm4958677",
  "primaryName": "Kelly Long"
},{
  "_id": {
    "$oid": "61b64a3cc022904e271ae667"
  },
  "first": "Burn",
  "last": "Gorman",
  "actorId": "nm1218607",
  "primaryName": "Burn Gorman",
  "birthYear": "1974"
},{
  "_id": {
    "$oid": "61b64a3cc022904e271ae668"
  },
  "first": "Birgitte",
  "middle": "Hjort",
  "last": "SÃ¸rensen",
  "actorId": "nm2171898",
  "primaryName": "Birgitte Hjort SÃ¸rensen",
  "birthYear": "1982"
},{
  "_id": {
    "$oid": "61b64a3cc022904e271ae669"
  },
  "first": "Pixie",
  "last": "Le Knot",
  "actorId": "nm4768858",
  "primaryName": "Pixie Le Knot"
},{
  "_id": {
    "$oid": "61b64a3cc022904e271ae66a"
  },
  "first": "Tim",
  "last": "Landers",
  "actorId": "nm2461009",
  "primaryName": "Tim Landers"
},{
  "_id": {
    "$oid": "61b64a3cc022904e271ae66b"
  },
  "first": "Ian",
  "last": "Gelder",
  "actorId": "nm0312245",
  "primaryName": "Ian Gelder",
  "birthYear": "1949"
},{
  "_id": {
    "$oid": "61b64a3cc022904e271ae66c"
  },
  "first": "Jason",
  "last": "Momoa",
  "actorId": "nm0597388",
  "primaryName": "Jason Momoa",
  "birthYear": "1979"
},{
  "_id": {
    "$oid": "61b64a3cc022904e271ae66d"
  },
  "first": "Joseph",
  "last": "Naufahu",
  "actorId": "nm0622533",
  "primaryName": "Joseph Naufahu"
},{
  "_id": {
    "$oid": "61b64a3cc022904e271ae66e"
  },
  "first": "Andrei",
  "last": "Claude",
  "actorId": "nm3040811",
  "primaryName": "Andrei Claude",
  "birthYear": "1979"
},{
  "_id": {
    "$oid": "61b64a3cc022904e271ae66f"
  },
  "first": "Raymond",
  "last": "Griffiths",
  "actorId": "nm0341739",
  "primaryName": "Raymond Griffiths"
},{
  "_id": {
    "$oid": "61b64a3cc022904e271ae670"
  },
  "first": "Dean",
  "last": "Whatton",
  "actorId": "nm2482781",
  "primaryName": "Dean Whatton"
},{
  "_id": {
    "$oid": "61b64a3cc022904e271ae671"
  },
  "first": "George",
  "last": "Appleby",
  "actorId": "nm3338062",
  "primaryName": "George Appleby"
},{
  "_id": {
    "$oid": "61b64a3cc022904e271ae672"
  },
  "first": "Maxwell",
  "last": "Laird",
  "actorId": "nm3453345",
  "primaryName": "Maxwell Laird"
},{
  "_id": {
    "$oid": "61b64a3cc022904e271ae673"
  },
  "first": "Reg",
  "last": "Wayment",
  "actorId": "nm1168404",
  "primaryName": "Reg Wayment"
},{
  "_id": {
    "$oid": "61b64a3cc022904e271ae674"
  },
  "first": "Marko",
  "last": "Juraga",
  "actorId": "nm0432837",
  "primaryName": "Marko Juraga",
  "birthYear": "1984"
},{
  "_id": {
    "$oid": "61b64a3cc022904e271ae675"
  },
  "first": "Rea",
  "last": "Separovic",
  "actorId": "nm5037688",
  "primaryName": "Rea Separovic"
},{
  "_id": {
    "$oid": "61b64a3cc022904e271ae676"
  },
  "first": "Ania",
  "last": "Bukstein",
  "actorId": "nm0119804",
  "primaryName": "Ania Bukstein",
  "birthYear": "1982"
},{
  "_id": {
    "$oid": "61b64a3cc022904e271ae677"
  },
  "first": "Lucy",
  "last": "Hayes",
  "actorId": "nm8314450",
  "primaryName": "Lucy Hayes"
},{
  "_id": {
    "$oid": "61b64a3cc022904e271ae678"
  },
  "first": "Patrick",
  "last": "Ryan",
  "actorId": "nm3122423",
  "primaryName": "Patrick Ryan"
},{
  "_id": {
    "$oid": "61b64a3cc022904e271ae679"
  },
  "first": "Paddy",
  "last": "Rocks",
  "actorId": "nm0734304",
  "primaryName": "Paddy Rocks"
},{
  "_id": {
    "$oid": "61b64a3cc022904e271ae67a"
  },
  "first": "Steven",
  "last": "Cole",
  "actorId": "nm0170799",
  "primaryName": "Steven Cole"
},{
  "_id": {
    "$oid": "61b64a3cc022904e271ae67b"
  },
  "first": "Dan",
  "last": "Hildebrand",
  "actorId": "nm0383835",
  "primaryName": "Dan Hildebrand"
},{
  "_id": {
    "$oid": "61b64a3cc022904e271ae67c"
  },
  "first": "Kevin",
  "last": "Keenan",
  "actorId": "nm4450657",
  "primaryName": "Kevin Keenan"
},{
  "_id": {
    "$oid": "61b64a3cc022904e271ae67d"
  },
  "first": "Essie",
  "last": "Davis",
  "actorId": "nm0204583",
  "primaryName": "Essie Davis",
  "birthYear": "1970"
},{
  "_id": {
    "$oid": "61b64a3cc022904e271ae67e"
  },
  "first": "Eugene",
  "last": "Simon",
  "actorId": "nm1638294",
  "primaryName": "Eugene Simon",
  "birthYear": "1992"
},{
  "_id": {
    "$oid": "61b64a3cc022904e271ae67f"
  },
  "first": "Aiden",
  "last": "Condron",
  "actorId": "nm0174449",
  "primaryName": "Aiden Condron"
},{
  "_id": {
    "$oid": "61b64a3cc022904e271ae680"
  },
  "first": "Richard",
  "last": "Laing",
  "actorId": "nm0481924",
  "primaryName": "Richard Laing"
},{
  "_id": {
    "$oid": "61b64a3cc022904e271ae681"
  },
  "first": "Conor",
  "last": "Delaney",
  "actorId": "nm1406364",
  "primaryName": "Conor Delaney"
},{
  "_id": {
    "$oid": "61b64a3cc022904e271ae682"
  },
  "first": "Simon",
  "last": "Stewart",
  "actorId": "nm4492930",
  "primaryName": "Simon Stewart"
},{
  "_id": {
    "$oid": "61b64a3cc022904e271ae683"
  },
  "first": "Chris",
  "last": "Gallagher",
  "actorId": "nm3292422",
  "primaryName": "Chris Gallagher"
},{
  "_id": {
    "$oid": "61b64a3cc022904e271ae684"
  },
  "first": "Christian",
  "last": "Vit",
  "actorId": "nm5908524",
  "primaryName": "Christian Vit"
},{
  "_id": {
    "$oid": "61b64a3cc022904e271ae685"
  },
  "first": "JÃ³hannes",
  "middle": "Haukur",
  "last": "JÃ³hannesson",
  "actorId": "nm1778512",
  "primaryName": "JÃ³hannes Haukur JÃ³hannesson"
},{
  "_id": {
    "$oid": "61b64a3cc022904e271ae686"
  },
  "first": "Vinnie",
  "last": "McCabe",
  "actorId": "nm0564516",
  "primaryName": "Vinnie McCabe"
},{
  "_id": {
    "$oid": "61b64a3cc022904e271ae687"
  },
  "first": "Sarine",
  "last": "Sofair",
  "actorId": "nm3330066",
  "primaryName": "Sarine Sofair"
},{
  "_id": {
    "$oid": "61b64a3cc022904e271ae688"
  },
  "first": "Samuel",
  "middle": "Paul",
  "last": "Small",
  "actorId": "nm6537691",
  "primaryName": "Samuel Paul Small"
},{
  "_id": {
    "$oid": "61b64a3cc022904e271ae689"
  },
  "first": "Tristan",
  "last": "Mercieca",
  "actorId": "nm4475204",
  "primaryName": "Tristan Mercieca"
},{
  "_id": {
    "$oid": "61b64a3cc022904e271ae68a"
  },
  "first": "Michael",
  "last": "Nevin",
  "actorId": "nm8127150",
  "primaryName": "Michael Nevin"
},{
  "_id": {
    "$oid": "61b64a3cc022904e271ae68b"
  },
  "first": "Jesse",
  "last": "Magee",
  "actorId": "nm8127151",
  "primaryName": "Jesse Magee"
},{
  "_id": {
    "$oid": "61b64a3cc022904e271ae68c"
  },
  "first": "Iona",
  "last": "Clarke",
  "actorId": "nm8133415",
  "primaryName": "Iona Clarke"
},{
  "_id": {
    "$oid": "61b64a3cc022904e271ae68d"
  },
  "first": "Lucy",
  "last": "Gallagher",
  "actorId": "nm8127152",
  "primaryName": "Lucy Gallagher"
},{
  "_id": {
    "$oid": "61b64a3cc022904e271ae68e"
  },
  "first": "Fionn",
  "last": "Kernan",
  "actorId": "nm6462692",
  "primaryName": "Fionn Kernan"
},{
  "_id": {
    "$oid": "61b64a3cc022904e271ae68f"
  },
  "first": "Zachary",
  "last": "Baharov",
  "actorId": "nm1707712",
  "primaryName": "Zachary Baharov",
  "birthYear": "1980"
},{
  "_id": {
    "$oid": "61b64a3cc022904e271ae690"
  },
  "first": "Noah",
  "last": "Taylor",
  "actorId": "nm0852965",
  "primaryName": "Noah Taylor",
  "birthYear": "1969"
},{
  "_id": {
    "$oid": "61b64a3cc022904e271ae691"
  },
  "first": "Elizabeth",
  "last": "Cadwallader",
  "actorId": "nm5502252",
  "primaryName": "Elizabeth Cadwallader"
},{
  "_id": {
    "$oid": "61b64a3cc022904e271ae692"
  },
  "first": "Eros",
  "last": "Vlahos",
  "actorId": "nm2869309",
  "primaryName": "Eros Vlahos",
  "birthYear": "1995"
},{
  "_id": {
    "$oid": "61b64a3cc022904e271ae693"
  },
  "first": "Finn",
  "last": "Jones",
  "actorId": "nm3645691",
  "primaryName": "Finn Jones",
  "birthYear": "1988"
},{
  "_id": {
    "$oid": "61b64a3cc022904e271ae694"
  },
  "first": "Mark",
  "last": "Coney",
  "actorId": "nm5651524",
  "primaryName": "Mark Coney"
},{
  "_id": {
    "$oid": "61b64a3cc022904e271ae695"
  },
  "first": "Gordon",
  "last": "Fulton",
  "actorId": "nm1101680",
  "primaryName": "Gordon Fulton",
  "birthYear": "1949",
  "deathYear": "2016"
},{
  "_id": {
    "$oid": "61b64a3cc022904e271ae696"
  },
  "first": "Conleth",
  "last": "Hill",
  "actorId": "nm0384152",
  "primaryName": "Conleth Hill",
  "birthYear": "1964"
},{
  "_id": {
    "$oid": "61b64a3cc022904e271ae697"
  },
  "first": "Jer",
  "last": "O'Leary",
  "actorId": "nm0641596",
  "primaryName": "Jer O'Leary",
  "deathYear": "2018"
},{
  "_id": {
    "$oid": "61b64a3cc022904e271ae698"
  },
  "first": "Steve",
  "last": "Cash",
  "actorId": "nm3524836",
  "primaryName": "Steve Cash"
},{
  "_id": {
    "$oid": "61b64a3cc022904e271ae699"
  },
  "first": "Robert",
  "last": "Fawsitt",
  "actorId": "nm6342915",
  "primaryName": "Robert Fawsitt"
},{
  "_id": {
    "$oid": "61b64a3cc022904e271ae69a"
  },
  "first": "Bella",
  "last": "Ramsey",
  "actorId": "nm8165602",
  "primaryName": "Bella Ramsey",
  "birthYear": "2003"
},{
  "_id": {
    "$oid": "61b64a3cc022904e271ae69b"
  },
  "first": "Aisling",
  "last": "Franciosi",
  "actorId": "nm4957233",
  "primaryName": "Aisling Franciosi",
  "birthYear": "1993"
},{
  "_id": {
    "$oid": "61b64a3cc022904e271ae69c"
  },
  "first": "Kate",
  "last": "Dickie",
  "actorId": "nm0225483",
  "primaryName": "Kate Dickie",
  "birthYear": "1971"
},{
  "_id": {
    "$oid": "61b64a3cc022904e271ae69d"
  },
  "first": "Roger",
  "last": "Ashton-Griffiths",
  "actorId": "nm0004355",
  "primaryName": "Roger Ashton-Griffiths",
  "birthYear": "1957"
},{
  "_id": {
    "$oid": "61b64a3cc022904e271ae69e"
  },
  "first": "Peter",
  "last": "Vaughan",
  "actorId": "nm0891092",
  "primaryName": "Peter Vaughan",
  "birthYear": "1923",
  "deathYear": "2016"
},{
  "_id": {
    "$oid": "61b64a3cc022904e271ae69f"
  },
  "first": "Oliver",
  "middle": "Ford",
  "last": "Davies",
  "actorId": "nm0203882",
  "primaryName": "Oliver Ford Davies",
  "birthYear": "1939"
},{
  "_id": {
    "$oid": "61b64a3cc022904e271ae6a0"
  },
  "first": "Donald",
  "last": "Sumpter",
  "actorId": "nm0838910",
  "primaryName": "Donald Sumpter",
  "birthYear": "1943"
},{
  "_id": {
    "$oid": "61b64a3cc022904e271ae6a1"
  },
  "first": "Richard",
  "last": "Rycroft",
  "actorId": "nm1483416",
  "primaryName": "Richard Rycroft"
},{
  "_id": {
    "$oid": "61b64a3cc022904e271ae6a2"
  },
  "first": "Neil",
  "last": "Fingleton",
  "actorId": "nm2807170",
  "primaryName": "Neil Fingleton",
  "birthYear": "1980",
  "deathYear": "2017"
},{
  "_id": {
    "$oid": "61b64a3cc022904e271ae6a3"
  },
  "first": "Jodhi",
  "last": "May",
  "actorId": "nm0562003",
  "primaryName": "Jodhi May",
  "birthYear": "1975"
},{
  "_id": {
    "$oid": "61b64a3cc022904e271ae6a4"
  },
  "first": "Ivailo",
  "last": "Dimitrov",
  "actorId": "nm2162079",
  "primaryName": "Ivailo Dimitrov"
},{
  "_id": {
    "$oid": "61b64a3cc022904e271ae6a5"
  },
  "first": "Dennis",
  "last": "Stokes",
  "actorId": "nm4982614",
  "primaryName": "Dennis Stokes"
},{
  "_id": {
    "$oid": "61b64a3cc022904e271ae6a6"
  },
  "first": "Adewale",
  "last": "Akinnuoye-Agbaje",
  "actorId": "nm0015382",
  "primaryName": "Adewale Akinnuoye-Agbaje",
  "birthYear": "1967"
},{
  "_id": {
    "$oid": "61b64a3cc022904e271ae6a7"
  },
  "first": "CiarÃ¡n",
  "last": "Hinds",
  "actorId": "nm0001354",
  "primaryName": "CiarÃ¡n Hinds",
  "birthYear": "1953"
},{
  "_id": {
    "$oid": "61b64a3cc022904e271ae6a8"
  },
  "first": "James",
  "last": "Doran",
  "actorId": "nm0243696",
  "primaryName": "James Doran"
},{
  "_id": {
    "$oid": "61b64a3cc022904e271ae6a9"
  },
  "first": "Conor",
  "last": "Watters",
  "actorId": "nm6442298",
  "primaryName": "Conor Watters"
},{
  "_id": {
    "$oid": "61b64a3cc022904e271ae6aa"
  },
  "first": "Josephine",
  "last": "Gillan",
  "actorId": "nm4982706",
  "primaryName": "Josephine Gillan",
  "birthYear": "1988"
},{
  "_id": {
    "$oid": "61b64a3cc022904e271ae6ab"
  },
  "first": "Natalie",
  "last": "Dormer",
  "actorId": "nm1754059",
  "primaryName": "Natalie Dormer",
  "birthYear": "1982"
},{
  "_id": {
    "$oid": "61b64a3cc022904e271ae6ac"
  },
  "first": "Aisling",
  "last": "Jarrett-Gavin",
  "actorId": "nm2983094",
  "primaryName": "Aisling Jarrett-Gavin"
},{
  "_id": {
    "$oid": "61b64a3cc022904e271ae6ad"
  },
  "first": "Emun",
  "last": "Elliott",
  "actorId": "nm2047170",
  "primaryName": "Emun Elliott",
  "birthYear": "1983"
},{
  "_id": {
    "$oid": "61b64a3cc022904e271ae6ae"
  },
  "first": "Dean-Charles",
  "last": "Chapman",
  "actorId": "nm2835616",
  "primaryName": "Dean-Charles Chapman",
  "birthYear": "1997"
},{
  "_id": {
    "$oid": "61b64a3cc022904e271ae6af"
  },
  "first": "Susie",
  "last": "Kelly",
  "actorId": "nm3126053",
  "primaryName": "Susie Kelly"
},{
  "_id": {
    "$oid": "61b64a3cc022904e271ae6b0"
  },
  "first": "Kerr",
  "last": "Logan",
  "actorId": "nm4523680",
  "primaryName": "Kerr Logan"
},{
  "_id": {
    "$oid": "61b64a3cc022904e271ae6b1"
  },
  "first": "Ellie",
  "last": "Kendrick",
  "actorId": "nm1697771",
  "primaryName": "Ellie Kendrick",
  "birthYear": "1990"
},{
  "_id": {
    "$oid": "61b64a3cc022904e271ae6b2"
  },
  "first": "Laurence",
  "last": "Doherty",
  "actorId": "nm2911170",
  "primaryName": "Laurence Doherty"
},{
  "_id": {
    "$oid": "61b64a3cc022904e271ae6b3"
  },
  "first": "Samantha",
  "last": "Spiro",
  "actorId": "nm0819087",
  "primaryName": "Samantha Spiro",
  "birthYear": "1968"
},{
  "_id": {
    "$oid": "61b64a3cc022904e271ae6b4"
  },
  "first": "Carice",
  "last": "van Houten",
  "actorId": "nm0396924",
  "primaryName": "Carice van Houten",
  "birthYear": "1976"
},{
  "_id": {
    "$oid": "61b64a3cc022904e271ae6b5"
  },
  "first": "Gary",
  "last": "Pillai",
  "actorId": "nm0997747",
  "primaryName": "Gary Pillai",
  "birthYear": "1968"
},{
  "_id": {
    "$oid": "61b64a3cc022904e271ae6b6"
  },
  "first": "Mark",
  "last": "Killeen",
  "actorId": "nm2075330",
  "primaryName": "Mark Killeen"
},{
  "_id": {
    "$oid": "61b64a3cc022904e271ae6b7"
  },
  "first": "Ian",
  "last": "Beattie",
  "actorId": "nm0064155",
  "primaryName": "Ian Beattie",
  "birthYear": "1965"
},{
  "_id": {
    "$oid": "61b64a3cc022904e271ae6b8"
  },
  "first": "Antonia",
  "last": "Christophers",
  "actorId": "nm4460936",
  "primaryName": "Antonia Christophers"
},{
  "_id": {
    "$oid": "61b64a3cc022904e271ae6b9"
  },
  "first": "Boyd",
  "last": "Rankin",
  "actorId": "nm4595425",
  "primaryName": "Boyd Rankin",
  "birthYear": "1945",
  "deathYear": "2019"
},{
  "_id": {
    "$oid": "61b64a3cc022904e271ae6ba"
  },
  "first": "Elisa",
  "last": "Lasowski",
  "actorId": "nm2489799",
  "primaryName": "Elisa Lasowski"
},{
  "_id": {
    "$oid": "61b64a3cc022904e271ae6bb"
  },
  "first": "Mia",
  "last": "Soteriou",
  "actorId": "nm0815420",
  "primaryName": "Mia Soteriou"
},{
  "_id": {
    "$oid": "61b64a3cc022904e271ae6bc"
  },
  "first": "Nathalie",
  "last": "Emmanuel",
  "actorId": "nm2812026",
  "primaryName": "Nathalie Emmanuel",
  "birthYear": "1989"
},{
  "_id": {
    "$oid": "61b64a3cc022904e271ae6bd"
  },
  "first": "Ciaran",
  "last": "Bermingham",
  "actorId": "nm2197118",
  "primaryName": "Ciaran Bermingham"
},{
  "_id": {
    "$oid": "61b64a3cc022904e271ae6be"
  },
  "first": "Reece",
  "last": "Noi",
  "actorId": "nm0634139",
  "primaryName": "Reece Noi",
  "birthYear": "1988"
},{
  "_id": {
    "$oid": "61b64a3cc022904e271ae6bf"
  },
  "first": "Nanna",
  "middle": "BryndÃ­s",
  "last": "HilmarsdÃ³ttir",
  "actorId": "nm5652293",
  "primaryName": "Nanna BryndÃ­s HilmarsdÃ³ttir"
},{
  "_id": {
    "$oid": "61b64a3cc022904e271ae6c0"
  },
  "first": "Jon",
  "middle": "Thor",
  "last": "Birgisson",
  "actorId": "nm1743706",
  "primaryName": "Jon Thor Birgisson",
  "birthYear": "1975"
},{
  "_id": {
    "$oid": "61b64a3cc022904e271ae6c1"
  },
  "first": "Ragnar",
  "last": "ÃžÃ³rhallsson",
  "actorId": "nm5652121",
  "primaryName": "Ragnar ÃžÃ³rhallsson"
},{
  "_id": {
    "$oid": "61b64a3cc022904e271ae6c2"
  },
  "first": "Orri",
  "middle": "P.",
  "last": "Dyrason",
  "actorId": "nm1743714",
  "primaryName": "Orri P. Dyrason",
  "birthYear": "1977"
},{
  "_id": {
    "$oid": "61b64a3cc022904e271ae6c3"
  },
  "first": "Georg",
  "last": "Holm",
  "actorId": "nm1743730",
  "primaryName": "Georg Holm",
  "birthYear": "1976"
},{
  "_id": {
    "$oid": "61b64a3cc022904e271ae6c4"
  },
  "first": "Arnar",
  "middle": "Rosenkranz",
  "last": "Hilmarsson",
  "actorId": "nm8158202",
  "primaryName": "Arnar Rosenkranz Hilmarsson"
},{
  "_id": {
    "$oid": "61b64a3cc022904e271ae6c5"
  },
  "first": "Brynjar",
  "last": "Leifsson",
  "actorId": "nm8158203",
  "primaryName": "Brynjar Leifsson"
},{
  "_id": {
    "$oid": "61b64a3cc022904e271ae6c6"
  },
  "first": "KristjÃ¡n",
  "last": "KristjÃ¡nsson",
  "actorId": "nm1944894",
  "primaryName": "KristjÃ¡n KristjÃ¡nsson",
  "birthYear": "1956"
},{
  "_id": {
    "$oid": "61b64a3cc022904e271ae6c7"
  },
  "first": "Rhodri",
  "last": "Hosking",
  "actorId": "nm4430905",
  "primaryName": "Rhodri Hosking"
},{
  "_id": {
    "$oid": "61b64a3cc022904e271ae6c8"
  },
  "first": "Charlotte",
  "last": "Hope",
  "actorId": "nm3745225",
  "primaryName": "Charlotte Hope"
},{
  "_id": {
    "$oid": "61b64a3cc022904e271ae6c9"
  },
  "first": "Harry",
  "last": "Grasby",
  "actorId": "nm9132255",
  "primaryName": "Harry Grasby"
},{
  "_id": {
    "$oid": "61b64a3cc022904e271ae6ca"
  },
  "actorId": "nm3226454"
},{
  "_id": {
    "$oid": "61b64a3cc022904e271ae6cb"
  },
  "first": "Frank",
  "last": "O'Sullivan",
  "actorId": "nm0642751",
  "primaryName": "Frank O'Sullivan"
},{
  "_id": {
    "$oid": "61b64a3cc022904e271ae6cc"
  },
  "first": "Dennis",
  "last": "McKeever",
  "actorId": "nm4475182",
  "primaryName": "Dennis McKeever"
},{
  "_id": {
    "$oid": "61b64a3cc022904e271ae6cd"
  },
  "first": "Michael",
  "last": "Stuart",
  "actorId": "nm5792452",
  "primaryName": "Michael Stuart"
},{
  "_id": {
    "$oid": "61b64a3cc022904e271ae6ce"
  },
  "first": "Marcus",
  "last": "Lamb",
  "actorId": "nm2228622",
  "primaryName": "Marcus Lamb"
},{
  "_id": {
    "$oid": "61b64a3cc022904e271ae6cf"
  },
  "first": "Michael",
  "last": "Hooley",
  "actorId": "nm6706699",
  "primaryName": "Michael Hooley"
},{
  "_id": {
    "$oid": "61b64a3cc022904e271ae6d0"
  },
  "first": "Patrick",
  "middle": "J",
  "last": "Molloy",
  "actorId": "nm3561455",
  "primaryName": "Patrick J Molloy"
},{
  "_id": {
    "$oid": "61b64a3cc022904e271ae6d1"
  },
  "first": "Michael",
  "last": "Hayes",
  "actorId": "nm0371160",
  "primaryName": "Michael Hayes"
},{
  "_id": {
    "$oid": "61b64a3cc022904e271ae6d2"
  },
  "first": "RuairÃ­",
  "last": "Heading",
  "actorId": "nm6316115",
  "primaryName": "RuairÃ­ Heading",
  "birthYear": "1991"
},{
  "_id": {
    "$oid": "61b64a3cc022904e271ae6d3"
  },
  "first": "Tony",
  "last": "Flynn",
  "actorId": "nm0283642",
  "primaryName": "Tony Flynn"
},{
  "_id": {
    "$oid": "61b64a3cc022904e271ae6d4"
  },
  "first": "Jed",
  "last": "Murray",
  "actorId": "nm5697839",
  "primaryName": "Jed Murray"
},{
  "_id": {
    "$oid": "61b64a3cc022904e271ae6d5"
  },
  "first": "Jessica",
  "last": "Henwick",
  "actorId": "nm3725055",
  "primaryName": "Jessica Henwick",
  "birthYear": "1992"
},{
  "_id": {
    "$oid": "61b64a3cc022904e271ae6d6"
  },
  "first": "Keisha",
  "last": "Castle-Hughes",
  "actorId": "nm1095720",
  "primaryName": "Keisha Castle-Hughes",
  "birthYear": "1990"
},{
  "_id": {
    "$oid": "61b64a3cc022904e271ae6d7"
  },
  "first": "Pedro",
  "last": "Pascal",
  "actorId": "nm0050959",
  "primaryName": "Pedro Pascal",
  "birthYear": "1975"
},{
  "_id": {
    "$oid": "61b64a3cc022904e271ae6d8"
  },
  "first": "Margaret",
  "last": "John",
  "actorId": "nm0424191",
  "primaryName": "Margaret John",
  "birthYear": "1926",
  "deathYear": "2011"
},{
  "_id": {
    "$oid": "61b64a3cc022904e271ae6d9"
  },
  "first": "Gina",
  "last": "Moxley",
  "actorId": "nm0610312",
  "primaryName": "Gina Moxley"
},{
  "_id": {
    "$oid": "61b64a3cc022904e271ae6da"
  },
  "first": "Diana",
  "last": "Rigg",
  "actorId": "nm0001671",
  "primaryName": "Diana Rigg",
  "birthYear": "1938",
  "deathYear": "2020"
},{
  "_id": {
    "$oid": "61b64a3cc022904e271ae6db"
  },
  "first": "Brenock",
  "last": "O'Connor",
  "actorId": "nm5282143",
  "primaryName": "Brenock O'Connor"
},{
  "_id": {
    "$oid": "61b64a3cc022904e271ae6dc"
  },
  "first": "Will",
  "last": "Tudor",
  "actorId": "nm4831584",
  "primaryName": "Will Tudor",
  "birthYear": "1987"
},{
  "_id": {
    "$oid": "61b64a3cc022904e271ae6dd"
  },
  "first": "Mackenzie",
  "last": "Crook",
  "actorId": "nm0188871",
  "primaryName": "Mackenzie Crook",
  "birthYear": "1971"
},{
  "_id": {
    "$oid": "61b64a3cc022904e271ae6de"
  },
  "first": "Hannah",
  "last": "John-Kamen",
  "actorId": "nm4789912",
  "primaryName": "Hannah John-Kamen",
  "birthYear": "1989"
},{
  "_id": {
    "$oid": "61b64a3cc022904e271ae6df"
  },
  "first": "Natalia",
  "last": "Tena",
  "actorId": "nm1164730",
  "primaryName": "Natalia Tena",
  "birthYear": "1984"
},{
  "_id": {
    "$oid": "61b64a3cc022904e271ae6e0"
  },
  "first": "Brian",
  "last": "Fortune",
  "actorId": "nm1987270",
  "primaryName": "Brian Fortune"
},{
  "_id": {
    "$oid": "61b64a3cc022904e271ae6e1"
  },
  "first": "Rania",
  "last": "Zouari",
  "actorId": "nm4422639",
  "primaryName": "Rania Zouari"
},{
  "_id": {
    "$oid": "61b64a3cc022904e271ae6e2"
  },
  "first": "Aidan",
  "last": "Gillen",
  "actorId": "nm0318821",
  "primaryName": "Aidan Gillen",
  "birthYear": "1968"
},{
  "_id": {
    "$oid": "61b64a3cc022904e271ae6e3"
  },
  "first": "Daniel",
  "last": "Portman",
  "actorId": "nm4535552",
  "primaryName": "Daniel Portman",
  "birthYear": "1992"
},{
  "_id": {
    "$oid": "61b64a3cc022904e271ae6e4"
  },
  "first": "Andy",
  "last": "Kellegher",
  "actorId": "nm3464945",
  "primaryName": "Andy Kellegher"
},{
  "_id": {
    "$oid": "61b64a3cc022904e271ae6e5"
  },
  "first": "Ramon",
  "last": "Tikaram",
  "actorId": "nm0863130",
  "primaryName": "Ramon Tikaram",
  "birthYear": "1967"
},{
  "_id": {
    "$oid": "61b64a3cc022904e271ae6e6"
  },
  "first": "Ian",
  "last": "Hanmore",
  "actorId": "nm0360171",
  "primaryName": "Ian Hanmore",
  "birthYear": "1953"
},{
  "_id": {
    "$oid": "61b64a3cc022904e271ae6e7"
  },
  "first": "Josef",
  "last": "Altin",
  "actorId": "nm1086981",
  "primaryName": "Josef Altin",
  "birthYear": "1983"
},{
  "_id": {
    "$oid": "61b64a3cc022904e271ae6e8"
  },
  "first": "Staz",
  "last": "Nair",
  "actorId": "nm7047874",
  "primaryName": "Staz Nair",
  "birthYear": "1991"
},{
  "_id": {
    "$oid": "61b64a3cc022904e271ae6e9"
  },
  "first": "Simon",
  "last": "Armstrong",
  "actorId": "nm1409802",
  "primaryName": "Simon Armstrong"
},{
  "_id": {
    "$oid": "61b64a3cc022904e271ae6ea"
  },
  "first": "Dar",
  "last": "Salim",
  "actorId": "nm1502469",
  "primaryName": "Dar Salim",
  "birthYear": "1977"
},{
  "_id": {
    "$oid": "61b64a3cc022904e271ae6eb"
  },
  "first": "Laura",
  "last": "Pradelska",
  "actorId": "nm3671418",
  "primaryName": "Laura Pradelska"
},{
  "_id": {
    "$oid": "61b64a3cc022904e271ae6ec"
  },
  "first": "Anton",
  "last": "Lesser",
  "actorId": "nm0504320",
  "primaryName": "Anton Lesser",
  "birthYear": "1952"
},{
  "_id": {
    "$oid": "61b64a3cc022904e271ae6ed"
  },
  "first": "Elyes",
  "last": "Gabel",
  "actorId": "nm1175468",
  "primaryName": "Elyes Gabel",
  "birthYear": "1983"
},{
  "_id": {
    "$oid": "61b64a3cc022904e271ae6ee"
  },
  "first": "Iwan",
  "last": "Rheon",
  "actorId": "nm3701064",
  "primaryName": "Iwan Rheon",
  "birthYear": "1985"
},{
  "_id": {
    "$oid": "61b64a3cc022904e271ae6ef"
  },
  "first": "James",
  "last": "Faulkner",
  "actorId": "nm0269077",
  "primaryName": "James Faulkner",
  "birthYear": "1948"
},{
  "_id": {
    "$oid": "61b64a3cc022904e271ae6f0"
  },
  "first": "Luke",
  "last": "Barnes",
  "actorId": "nm4430828",
  "primaryName": "Luke Barnes"
},{
  "_id": {
    "$oid": "61b64a3cc022904e271ae6f1"
  },
  "first": "George",
  "last": "Georgiou",
  "actorId": "nm1745190",
  "primaryName": "George Georgiou"
},{
  "_id": {
    "$oid": "61b64a3cc022904e271ae6f2"
  },
  "first": "Hugo",
  "last": "Culverhouse",
  "actorId": "nm4164318",
  "primaryName": "Hugo Culverhouse"
},{
  "_id": {
    "$oid": "61b64a3cc022904e271ae6f3"
  },
  "first": "Melanie",
  "last": "Liburd",
  "actorId": "nm4927489",
  "primaryName": "Melanie Liburd",
  "birthYear": "1987"
},{
  "_id": {
    "$oid": "61b64a3cc022904e271ae6f4"
  },
  "first": "Rila",
  "last": "Fukushima",
  "actorId": "nm3822462",
  "primaryName": "Rila Fukushima"
},{
  "_id": {
    "$oid": "61b64a3cc022904e271ae6f5"
  },
  "first": "Gethin",
  "last": "Anthony",
  "actorId": "nm2167445",
  "primaryName": "Gethin Anthony",
  "birthYear": "1983"
},{
  "_id": {
    "$oid": "61b64a3cc022904e271ae6f6"
  },
  "first": "Art",
  "last": "Parkinson",
  "actorId": "nm3280686",
  "primaryName": "Art Parkinson",
  "birthYear": "2001"
},{
  "_id": {
    "$oid": "61b64a3cc022904e271ae6f7"
  },
  "first": "Richard",
  "last": "Madden",
  "actorId": "nm0534635",
  "primaryName": "Richard Madden",
  "birthYear": "1986"
},{
  "_id": {
    "$oid": "61b64a3cc022904e271ae6f8"
  },
  "first": "Mark",
  "last": "Addy",
  "actorId": "nm0004692",
  "primaryName": "Mark Addy",
  "birthYear": "1964"
},{
  "_id": {
    "$oid": "61b64a3cc022904e271ae6f9"
  },
  "first": "Tim",
  "last": "McInnerny",
  "actorId": "nm0570570",
  "primaryName": "Tim McInnerny",
  "birthYear": "1956"
},{
  "_id": {
    "$oid": "61b64a3cc022904e271ae6fa"
  },
  "first": "Lino",
  "last": "Facioli",
  "actorId": "nm2996220",
  "primaryName": "Lino Facioli",
  "birthYear": "2000"
},{
  "_id": {
    "$oid": "61b64a3cc022904e271ae6fb"
  },
  "first": "Ron",
  "last": "Donachie",
  "actorId": "nm0231871",
  "primaryName": "Ron Donachie",
  "birthYear": "1956"
},{
  "_id": {
    "$oid": "61b64a3cc022904e271ae6fc"
  },
  "first": "Michael",
  "last": "McElhatton",
  "actorId": "nm0568385",
  "primaryName": "Michael McElhatton",
  "birthYear": "1963"
},{
  "_id": {
    "$oid": "61b64a3cc022904e271ae6fd"
  },
  "first": "Andy",
  "last": "Beckwith",
  "actorId": "nm0065874",
  "primaryName": "Andy Beckwith"
},{
  "_id": {
    "$oid": "61b64a3cc022904e271ae6fe"
  },
  "first": "EsmÃ©",
  "last": "Bianco",
  "actorId": "nm2657974",
  "primaryName": "EsmÃ© Bianco",
  "birthYear": "1982"
},{
  "_id": {
    "$oid": "61b64a3cc022904e271ae6ff"
  },
  "first": "Alexandra",
  "last": "Dowling",
  "actorId": "nm5093301",
  "primaryName": "Alexandra Dowling",
  "birthYear": "1990"
},{
  "_id": {
    "$oid": "61b64a3cc022904e271ae700"
  },
  "first": "Robert",
  "last": "Sterne",
  "actorId": "nm1414435",
  "primaryName": "Robert Sterne"
},{
  "_id": {
    "$oid": "61b64a3cc022904e271ae701"
  },
  "first": "Bryan",
  "last": "McCaugherty",
  "actorId": "nm0565472",
  "primaryName": "Bryan McCaugherty"
},{
  "_id": {
    "$oid": "61b64a3cc022904e271ae702"
  },
  "first": "Lucian",
  "last": "Msamati",
  "actorId": "nm1748634",
  "primaryName": "Lucian Msamati",
  "birthYear": "1976"
},{
  "_id": {
    "$oid": "61b64a3cc022904e271ae703"
  },
  "first": "John",
  "last": "Bradley",
  "actorId": "nm4263213",
  "primaryName": "John Bradley",
  "birthYear": "1988"
},{
  "_id": {
    "$oid": "61b64a3cc022904e271ae704"
  },
  "first": "Rory",
  "last": "McCann",
  "actorId": "nm0564920",
  "primaryName": "Rory McCann",
  "birthYear": "1969"
},{
  "_id": {
    "$oid": "61b64a3cc022904e271ae705"
  },
  "first": "Sophie",
  "last": "Turner",
  "actorId": "nm3849842",
  "primaryName": "Sophie Turner",
  "birthYear": "1996"
},{
  "_id": {
    "$oid": "61b64a3cc022904e271ae706"
  },
  "first": "Maggie",
  "last": "Hayes",
  "actorId": "nm1378629",
  "primaryName": "Maggie Hayes"
},{
  "_id": {
    "$oid": "61b64a3cc022904e271ae707"
  },
  "first": "Susan",
  "last": "Brown",
  "actorId": "nm0114742",
  "primaryName": "Susan Brown",
  "birthYear": "1946"
},{
  "_id": {
    "$oid": "61b64a3cc022904e271ae708"
  },
  "first": "Mary",
  "last": "Jordan",
  "actorId": "nm1103771",
  "primaryName": "Mary Jordan",
  "birthYear": "1913",
  "deathYear": "1973"
},{
  "_id": {
    "$oid": "61b64a3cc022904e271ae709"
  },
  "first": "Hannah",
  "last": "Waddingham",
  "actorId": "nm1821446",
  "primaryName": "Hannah Waddingham",
  "birthYear": "1974"
},{
  "_id": {
    "$oid": "61b64a3cc022904e271ae70a"
  },
  "first": "Kenneth",
  "last": "Hadley",
  "actorId": "nm0352901",
  "primaryName": "Kenneth Hadley"
},{
  "_id": {
    "$oid": "61b64a3cc022904e271ae70b"
  },
  "first": "Terry",
  "last": "Byrne",
  "actorId": "nm0126298",
  "primaryName": "Terry Byrne"
},{
  "_id": {
    "$oid": "61b64a3cc022904e271ae70c"
  },
  "first": "Dez",
  "last": "McMahon",
  "actorId": "nm4757478",
  "primaryName": "Dez McMahon"
},{
  "_id": {
    "$oid": "61b64a3cc022904e271ae70d"
  },
  "first": "Sibel",
  "last": "Kekilli",
  "actorId": "nm1402546",
  "primaryName": "Sibel Kekilli",
  "birthYear": "1980"
},{
  "_id": {
    "$oid": "61b64a3cc022904e271ae70e"
  },
  "first": "Mark",
  "middle": "Lewis",
  "last": "Jones",
  "actorId": "nm0428765",
  "primaryName": "Mark Lewis Jones",
  "birthYear": "1964"
},{
  "_id": {
    "$oid": "61b64a3cc022904e271ae70f"
  },
  "first": "Kerry",
  "last": "Ingram",
  "actorId": "nm5081192",
  "primaryName": "Kerry Ingram",
  "birthYear": "1999"
},{
  "_id": {
    "$oid": "61b64a3cc022904e271ae710"
  },
  "first": "Slavko",
  "last": "Juraga",
  "actorId": "nm0432838",
  "primaryName": "Slavko Juraga",
  "birthYear": "1959"
},{
  "_id": {
    "$oid": "61b64a3cc022904e271ae711"
  },
  "first": "Dean",
  "last": "Jagger",
  "actorId": "nm2746504",
  "primaryName": "Dean Jagger",
  "birthYear": "1978"
},{
  "_id": {
    "$oid": "61b64a3cc022904e271ae712"
  },
  "first": "Nicholas",
  "last": "Blane",
  "actorId": "nm0087432",
  "primaryName": "Nicholas Blane"
},{
  "_id": {
    "$oid": "61b64a3cc022904e271ae713"
  },
  "first": "Stephen",
  "last": "Dillane",
  "actorId": "nm0226820",
  "primaryName": "Stephen Dillane",
  "birthYear": "1957"
},{
  "_id": {
    "$oid": "61b64a3cc022904e271ae714"
  },
  "first": "Michael",
  "last": "Stuart",
  "actorId": "nm5792452",
  "primaryName": "Michael Stuart"
},{
  "_id": {
    "$oid": "61b64a3cc022904e271ae715"
  },
  "first": "Faolan",
  "last": "Morgan",
  "actorId": "nm4335246",
  "primaryName": "Faolan Morgan"
},{
  "_id": {
    "$oid": "61b64a3cc022904e271ae716"
  },
  "first": "Rick",
  "last": "Burn",
  "actorId": "nm4492916",
  "primaryName": "Rick Burn"
},{
  "_id": {
    "$oid": "61b64a3cc022904e271ae717"
  },
  "first": "David",
  "last": "Sheehan",
  "actorId": "nm1423916",
  "primaryName": "David Sheehan"
},{
  "_id": {
    "$oid": "61b64a3cc022904e271ae718"
  },
  "first": "Paul",
  "last": "Monahan",
  "actorId": "nm5981376",
  "primaryName": "Paul Monahan"
},{
  "_id": {
    "$oid": "61b64a3cc022904e271ae719"
  },
  "first": "Jamie",
  "last": "Michie",
  "actorId": "nm1652341",
  "primaryName": "Jamie Michie",
  "birthYear": "1977"
},{
  "_id": {
    "$oid": "61b64a3cc022904e271ae71a"
  },
  "first": "Colin",
  "last": "Carnegie",
  "actorId": "nm1794801",
  "primaryName": "Colin Carnegie"
},{
  "_id": {
    "$oid": "61b64a3cc022904e271ae71b"
  },
  "first": "Stephen",
  "last": "Don",
  "actorId": "nm1651043",
  "primaryName": "Stephen Don"
},{
  "_id": {
    "$oid": "61b64a3cc022904e271ae71c"
  },
  "first": "Yuri",
  "last": "Kolokolnikov",
  "actorId": "nm0464305",
  "primaryName": "Yuri Kolokolnikov",
  "birthYear": "1980"
},{
  "_id": {
    "$oid": "61b64a3cc022904e271ae71d"
  },
  "first": "Miltos",
  "last": "Yerolemou",
  "actorId": "nm1115654",
  "primaryName": "Miltos Yerolemou"
},{
  "_id": {
    "$oid": "61b64a3cc022904e271ae71e"
  },
  "first": "Oona",
  "last": "Chaplin",
  "actorId": "nm2772105",
  "primaryName": "Oona Chaplin",
  "birthYear": "1986"
},{
  "_id": {
    "$oid": "61b64a3cc022904e271ae71f"
  },
  "first": "Rebecca",
  "last": "Benson",
  "actorId": "nm5039410",
  "primaryName": "Rebecca Benson"
},{
  "_id": {
    "$oid": "61b64a3cc022904e271ae720"
  },
  "first": "Gary",
  "last": "Oliver",
  "actorId": "nm1146807",
  "primaryName": "Gary Oliver"
},{
  "_id": {
    "$oid": "61b64a3cc022904e271ae721"
  },
  "first": "Bart the Bear",
  "actorId": "nm1212069",
  "primaryName": "Bart the Bear",
  "birthYear": "2000"
},{
  "_id": {
    "$oid": "61b64a3cc022904e271ae722"
  },
  "first": "Anthony",
  "last": "Morris",
  "actorId": "nm1677757",
  "primaryName": "Anthony Morris"
},{
  "_id": {
    "$oid": "61b64a3cc022904e271ae723"
  },
  "first": "Faye",
  "last": "Marsay",
  "actorId": "nm3849670",
  "primaryName": "Faye Marsay",
  "birthYear": "1986"
},{
  "_id": {
    "$oid": "61b64a3cc022904e271ae724"
  },
  "first": "Joseph",
  "last": "Gatt",
  "actorId": "nm1395532",
  "primaryName": "Joseph Gatt",
  "birthYear": "1974"
},{
  "_id": {
    "$oid": "61b64a3cc022904e271ae725"
  },
  "first": "Alfie",
  "last": "Allen",
  "actorId": "nm0654295",
  "primaryName": "Alfie Allen",
  "birthYear": "1986"
},{
  "_id": {
    "$oid": "61b64a3cc022904e271ae726"
  },
  "first": "Oengus",
  "last": "MacNamara",
  "actorId": "nm0534062",
  "primaryName": "Oengus MacNamara"
},{
  "_id": {
    "$oid": "61b64a3cc022904e271ae727"
  },
  "first": "Paul",
  "last": "Kaye",
  "actorId": "nm0443373",
  "primaryName": "Paul Kaye",
  "birthYear": "1965"
},{
  "_id": {
    "$oid": "61b64a3cc022904e271ae728"
  },
  "first": "Tobias",
  "last": "Winter",
  "actorId": "nm4385245",
  "primaryName": "Tobias Winter"
},{
  "_id": {
    "$oid": "61b64a3cc022904e271ae729"
  },
  "first": "Andrew",
  "last": "Wilde",
  "actorId": "nm0928408",
  "primaryName": "Andrew Wilde"
},{
  "_id": {
    "$oid": "61b64a3cc022904e271ae72a"
  },
  "first": "Will",
  "last": "O'Connell",
  "actorId": "nm3727276",
  "primaryName": "Will O'Connell"
},{
  "_id": {
    "$oid": "61b64a3cc022904e271ae72b"
  },
  "first": "Phil",
  "last": "Dixon",
  "actorId": "nm4475303",
  "primaryName": "Phil Dixon"
},{
  "_id": {
    "$oid": "61b64a3cc022904e271ae72c"
  },
  "first": "Kristofer",
  "last": "Hivju",
  "actorId": "nm1970465",
  "primaryName": "Kristofer Hivju",
  "birthYear": "1978"
},{
  "_id": {
    "$oid": "61b64a3cc022904e271ae72d"
  },
  "first": "Toby",
  "last": "Sebastian",
  "actorId": "nm4514519",
  "primaryName": "Toby Sebastian"
},{
  "_id": {
    "$oid": "61b64a3cc022904e271ae72e"
  },
  "first": "Mark",
  "last": "Gatiss",
  "actorId": "nm0309693",
  "primaryName": "Mark Gatiss",
  "birthYear": "1966"
},{
  "_id": {
    "$oid": "61b64a3cc022904e271ae72f"
  },
  "first": "Rosabell",
  "middle": "Laurenti",
  "last": "Sellers",
  "actorId": "nm3065809",
  "primaryName": "Rosabell Laurenti Sellers",
  "birthYear": "1996"
},{
  "_id": {
    "$oid": "61b64a3cc022904e271ae730"
  },
  "first": "Peter",
  "last": "Dinklage",
  "actorId": "nm0227759",
  "primaryName": "Peter Dinklage",
  "birthYear": "1969"
},{
  "_id": {
    "$oid": "61b64a3cc022904e271ae731"
  },
  "first": "Charles",
  "last": "Dance",
  "actorId": "nm0001097",
  "primaryName": "Charles Dance",
  "birthYear": "1946"
},{
  "_id": {
    "$oid": "61b64a3cc022904e271ae732"
  },
  "first": "Meena",
  "last": "Rayann",
  "actorId": "nm5159884",
  "primaryName": "Meena Rayann"
},{
  "_id": {
    "$oid": "61b64a3cc022904e271ae733"
  },
  "first": "Brendan",
  "last": "McCormack",
  "actorId": "nm1788152",
  "primaryName": "Brendan McCormack"
},{
  "_id": {
    "$oid": "61b64a3cc022904e271ae734"
  },
  "first": "Graham",
  "last": "Charles",
  "actorId": "nm1378721",
  "primaryName": "Graham Charles"
},{
  "_id": {
    "$oid": "61b64a3cc022904e271ae735"
  },
  "first": "Harry",
  "last": "Lloyd",
  "actorId": "nm0516003",
  "primaryName": "Harry Lloyd",
  "birthYear": "1983"
},{
  "_id": {
    "$oid": "61b64a3cc022904e271ae736"
  },
  "first": "Elizabeth",
  "last": "Webster",
  "actorId": "nm3531913",
  "primaryName": "Elizabeth Webster"
},{
  "_id": {
    "$oid": "61b64a3cc022904e271ae737"
  },
  "first": "David",
  "last": "Bradley",
  "actorId": "nm0103195",
  "primaryName": "David Bradley",
  "birthYear": "1942"
},{
  "_id": {
    "$oid": "61b64a3cc022904e271ae738"
  }
},{
  "_id": {
    "$oid": "61b64a3cc022904e271ae739"
  },
  "first": "Lottie",
  "last": "Steer",
  "actorId": "nm5390029",
  "primaryName": "Lottie Steer"
},{
  "_id": {
    "$oid": "61b64a3cc022904e271ae73a"
  },
  "first": "Rob",
  "last": "Ostlere",
  "actorId": "nm3209935",
  "primaryName": "Rob Ostlere"
},{
  "_id": {
    "$oid": "61b64a3cc022904e271ae73b"
  },
  "first": "Sigur",
  "last": "RÃ³s",
  "actorId": "nm1460176",
  "primaryName": "Sigur RÃ³s"
},{
  "_id": {
    "$oid": "61b64a3cc022904e271ae73c"
  },
  "first": "Ian",
  "last": "Whyte",
  "actorId": "nm1613839",
  "primaryName": "Ian Whyte",
  "birthYear": "1971"
},{
  "_id": {
    "$oid": "61b64a3cc022904e271ae73d"
  },
  "first": "Ross",
  "last": "Mullan",
  "actorId": "nm1368643",
  "primaryName": "Ross Mullan",
  "birthYear": "1967"
},{
  "_id": {
    "$oid": "61b64a3cc022904e271ae73e"
  },
  "first": "Tim",
  "last": "Loane",
  "actorId": "nm0516385",
  "primaryName": "Tim Loane"
},{
  "_id": {
    "$oid": "61b64a3cc022904e271ae73f"
  },
  "first": "Spencer",
  "last": "Wilding",
  "actorId": "nm1872855",
  "primaryName": "Spencer Wilding",
  "birthYear": "1972"
},{
  "_id": {
    "$oid": "61b64a3cc022904e271ae740"
  },
  "first": "Claire",
  "last": "Wright",
  "actorId": "nm4422708",
  "primaryName": "Claire Wright"
},{
  "_id": {
    "$oid": "61b64a3cc022904e271ae741"
  },
  "actorId": "nm8199963"
},{
  "_id": {
    "$oid": "61b64a3cc022904e271ae742"
  },
  "first": "Bronson",
  "last": "Webb",
  "actorId": "nm0916037",
  "primaryName": "Bronson Webb",
  "birthYear": "1983"
},{
  "_id": {
    "$oid": "61b64a3cc022904e271ae743"
  },
  "first": "Timothy",
  "last": "Gibbons",
  "actorId": "nm5624523",
  "primaryName": "Timothy Gibbons"
},{
  "_id": {
    "$oid": "61b64a3cc022904e271ae744"
  },
  "first": "Ryan",
  "last": "McKenna",
  "actorId": "nm4416560",
  "primaryName": "Ryan McKenna"
},{
  "_id": {
    "$oid": "61b64a3cc022904e271ae745"
  },
  "first": "Simon",
  "last": "Lowe",
  "actorId": "nm0523047",
  "primaryName": "Simon Lowe"
},{
  "_id": {
    "$oid": "61b64a3cc022904e271ae746"
  },
  "first": "Donagh",
  "last": "Deeney",
  "actorId": "nm0214343",
  "primaryName": "Donagh Deeney"
},{
  "_id": {
    "$oid": "61b64a3cc022904e271ae747"
  },
  "first": "Ian",
  "last": "Whyte",
  "actorId": "nm1613839",
  "primaryName": "Ian Whyte",
  "birthYear": "1971"
},{
  "_id": {
    "$oid": "61b64a3cc022904e271ae748"
  },
  "first": "Sam",
  "last": "Coleman",
  "actorId": "nm4744043",
  "primaryName": "Sam Coleman",
  "birthYear": "1996"
},{
  "_id": {
    "$oid": "61b64a3cc022904e271ae749"
  },
  "first": "Nonso",
  "last": "Anozie",
  "actorId": "nm1996829",
  "primaryName": "Nonso Anozie",
  "birthYear": "1979"
},{
  "_id": {
    "$oid": "61b64a3cc022904e271ae74a"
  },
  "first": "Gemma",
  "last": "Whelan",
  "actorId": "nm2247629",
  "primaryName": "Gemma Whelan",
  "birthYear": "1981"
},{
  "_id": {
    "$oid": "61b64a3cc022904e271ae74b"
  },
  "first": "Enzo",
  "last": "Cilenti",
  "actorId": "nm0162281",
  "primaryName": "Enzo Cilenti",
  "birthYear": "1974"
},{
  "_id": {
    "$oid": "61b64a3cc022904e271ae74c"
  },
  "first": "Rose",
  "last": "Leslie",
  "actorId": "nm3310211",
  "primaryName": "Rose Leslie",
  "birthYear": "1987"
},{
  "_id": {
    "$oid": "61b64a3cc022904e271ae74d"
  },
  "first": "Rupert",
  "last": "Vansittart",
  "actorId": "nm0889338",
  "primaryName": "Rupert Vansittart",
  "birthYear": "1958"
},{
  "_id": {
    "$oid": "61b64a3cc022904e271ae74e"
  },
  "first": "Francis",
  "last": "Magee",
  "actorId": "nm0535837",
  "primaryName": "Francis Magee",
  "birthYear": "1969"
},{
  "_id": {
    "$oid": "61b64a3cc022904e271ae74f"
  },
  "first": "Matteo",
  "last": "Elezi",
  "actorId": "nm5502295",
  "primaryName": "Matteo Elezi"
},{
  "_id": {
    "$oid": "61b64a3cc022904e271ae750"
  },
  "first": "Nell",
  "last": "Williams",
  "actorId": "nm5309709",
  "primaryName": "Nell Williams"
},{
  "_id": {
    "$oid": "61b64a3cc022904e271ae751"
  },
  "first": "Cordelia",
  "last": "Hill",
  "actorId": "nm8108764",
  "primaryName": "Cordelia Hill"
},{
  "_id": {
    "$oid": "61b64a3cc022904e271ae752"
  },
  "first": "Annette",
  "last": "Tierney",
  "actorId": "nm1519719",
  "primaryName": "Annette Tierney"
},{
  "_id": {
    "$oid": "61b64a3cc022904e271ae753"
  },
  "first": "Robert",
  "last": "Aramayo",
  "actorId": "nm7075019",
  "primaryName": "Robert Aramayo"
},{
  "_id": {
    "$oid": "61b64a3cc022904e271ae754"
  },
  "first": "Sebastian",
  "last": "Croft",
  "actorId": "nm7509185",
  "primaryName": "Sebastian Croft"
},{
  "_id": {
    "$oid": "61b64a3cc022904e271ae755"
  },
  "first": "Fergus",
  "last": "Leathem",
  "actorId": "nm7509186",
  "primaryName": "Fergus Leathem"
},{
  "_id": {
    "$oid": "61b64a3cc022904e271ae756"
  },
  "first": "Gerald",
  "last": "Lepkowski",
  "actorId": "nm0503319",
  "primaryName": "Gerald Lepkowski",
  "birthYear": "1966"
}]